"symbol";"company_name";"sector";"industry";"market_cap_category"
"RELIANCE";"Reliance Industries";"Energy";"Oil & Gas";"Large Cap"
"TCS";"Tata Consultancy Services";"IT";"Software";"Large Cap"
"INFY";"Infosys";"IT";"Software";"Large Cap"
"HDFCBANK";"HDFC Bank";"Banking";"Private Bank";"Large Cap"
"ICICIBANK";"ICICI Bank";"Banking";"Private Bank";"Large Cap"
"HINDUNILVR";"Hindustan Unilever";"FMCG";"Consumer Goods";"Large Cap"
"SBIN";"State Bank of India";"Banking";"Public Bank";"Large Cap"
"BAJFINANCE";"Bajaj Finance";"Finance";"NBFC";"Large Cap"
"AXISBANK";"Axis Bank";"Banking";"Private Bank";"Large Cap"
"KOTAKBANK";"Kotak Mahindra Bank";"Banking";"Private Bank";"Large Cap"
"APOLLOTYRE";"Apollo Tyres";"Automotive";"Tires";"Mid Cap"
"ASTRAL";"Astral Ltd";"Construction";"Plastic Pipes";"Mid Cap"
"BAJFINANCE";"Bajaj Finance";"Financial Services";"NBFC";"Mid Cap"
"BANDHANBNK";"Bandhan Bank";"Financial Services";"Private Bank";"Mid Cap"
"BERGEPAINT";"Berger Paints";"Consumer Discretionary";"Paints";"Mid Cap"
"BHEL";"Bharat Heavy Electricals";"Industrial";"Electrical Equipment";"Mid Cap"
"BOSCHLTD";"Bosch Ltd";"Automotive";"Automotive Components";"Mid Cap"
"COALINDIA";"Coal India";"Energy";"Mining";"Mid Cap"
"CUMMINSIND";"Cummins India";"Industrial";"Engines & Parts";"Mid Cap"
"DABUR";"Dabur India";"Consumer Staples";"FMCG";"Mid Cap"
"INDIGO";"InterGlobe Aviation";"Transportation";"Airlines";"Mid Cap"
"LUPIN";"Lupin";"Healthcare";"Pharmaceuticals";"Mid Cap"
"MARICO";"Marico";"Consumer Staples";"FMCG";"Mid Cap"
"MOTHERSUMI";"Motherson Sumi Wiring";"Automotive";"Automotive Components";"Mid Cap"
"NHPC";"NHPC Ltd";"Energy";"Power Generation";"Mid Cap"
"OFSS";"Oracle Financial Services Software";"Technology";"Software";"Mid Cap"
"REC";"REC Ltd";"Financial Services";"NBFC";"Mid Cap"
"UNIONBANK";"Union Bank of India";"Financial Services";"Public Sector Bank";"Mid Cap"
"ZEEL";"Zee Entertainment Enterprises";"Media";"Broadcasting & Entertainment";"Mid Cap"
"ADANIENT";"Adani Enterprises";"Industrial";"Diversified";"Mid Cap"
"ARVINDFASH";"Arvind Fashions";"Consumer Discretionary";"Apparel";"Small Cap"
"BALRAMCHIN";"Balrampur Chini Mills";"Consumer Staples";"Sugar";"Small Cap"
"CAMS";"Computer Age Management Services";"Financial Services";"Financial Technology";"Small Cap"
"CANFINHOME";"Can Fin Homes";"Financial Services";"Housing Finance";"Small Cap"
"COCHINSHIP";"Cochin Shipyard";"Industrial";"Shipbuilding";"Small Cap"
"CRISIL";"CRISIL Ltd";"Financial Services";"Rating Agency";"Small Cap"
"DIXON";"Dixon Technologies (India)";"Electronics";"Manufacturing";"Small Cap"
"EMAMILTD";"Emami Ltd";"Consumer Staples";"FMCG";"Small Cap"
"ENGINERSIN";"Engineers India";"Industrial";"Engineering & Construction";"Small Cap"
"FCONSUMER";"Future Consumer";"Consumer Staples";"FMCG";"Small Cap"
"GODREJAGRO";"Godrej Agrovet";"Consumer Staples";"Agriculture";"Small Cap"
"GULFOILLUB";"Gulf Oil Lubricants India";"Energy";"Lubricants";"Small Cap"
"IDFCFIRSTB";"IDFC First Bank";"Financial Services";"Private Bank";"Small Cap"
"INDIACEM";"India Cements";"Construction";"Cement";"Small Cap"
"KPRMILL";"K.P.R. Mill";"Textiles";"Textiles";"Small Cap"
"LAURUSLABS";"Laurus Labs";"Healthcare";"Pharmaceuticals";"Small Cap"
"MAHABANK";"Bank of Maharashtra";"Financial Services";"Public Sector Bank";"Small Cap"
"MANAPPURAM";"Manappuram Finance";"Financial Services";"NBFC";"Small Cap"
"NAVINFLUOR";"Navin Fluorine International";"Chemicals";"Specialty Chemicals";"Small Cap"
"PNBHOUSING";"PNB Housing Finance";"Financial Services";"Housing Finance";"Small Cap"
"SUZLON";"Suzlon Energy";"Energy";"Renewable Energy";"Small Cap"
"TATACOFFEE";"Tata Coffee";"Consumer Staples";"Beverages";"Small Cap"
"TRIDENT";"Trident Ltd";"Textiles";"Consumer Goods";"Small Cap"
"UCOBANK";"UCO Bank";"Financial Services";"Public Sector Bank";"Small Cap"
"VTL";"V-Trans (India) Ltd";"Transportation";"Logistics";"Small Cap"
"WAAREE";"Waaree Energies";"Energy";"Solar Equipment";"Small Cap"
"HBLPOWER";"HBL Power Systems";"Industrial";"Batteries";"Small Cap"
"ITP";"ITI Ltd";"Telecommunication";"Telecom Equipment";"Small Cap"
"KEI";"KEI Industries";"Industrial";"Electrical Cables";"Small Cap"
"JINDALSAW";"Jindal SAW";"Industrial";"Steel Pipes";"Small Cap"
"JUBLFOOD";"Jubilant FoodWorks";"Consumer Discretionary";"Restaurants";"Small Cap"
"KEC";"KEC International";"Industrial";"Engineering & Construction";"Small Cap"
"KIMS";"Krishna Institute of Medical Sciences";"Healthcare";"Hospitals";"Small Cap"
"LALPATHLAB";"Dr. Lal PathLabs";"Healthcare";"Diagnostics";"Small Cap"
"METROPOLIS";"Metropolis Healthcare";"Healthcare";"Diagnostics";"Small Cap"
"PERSISTENT";"Persistent Systems";"Technology";"IT Services";"Small Cap"
"PNB";"Punjab National Bank";"Financial Services";"Public Sector Bank";"Small Cap"
"RELAXO";"Relaxo Footwears";"Consumer Discretionary";"Footwear";"Small Cap"
"SUPREMEIND";"Supreme Industries";"Construction";"Plastic Products";"Small Cap"
"TATAINVEST";"Tata Investment Corporation";"Financial Services";"Investment Holding";"Small Cap"
"ARVS";"Arvind SmartSpaces";"Real Estate";"Real Estate Development";"Micro Cap"
"AVANTIFEED";"Avanti Feeds";"Consumer Staples";"Aquaculture";"Micro Cap"
"BCLIND";"BCL Industries";"Consumer Staples";"Distillery";"Micro Cap"
"BDL";"Bharat Dynamics";"Industrial";"Aerospace & Defense";"Micro Cap"
"BLS";"BLS International Services";"Services";"Visa Processing";"Micro Cap"
"CAMLIN";"Camlin Fine Sciences";"Chemicals";"Specialty Chemicals";"Micro Cap"
"DBREALTY";"DB Realty";"Real Estate";"Real Estate Development";"Micro Cap"
"DHANBANK";"Dhanlaxmi Bank";"Financial Services";"Private Bank";"Micro Cap"
"ESCORTS";"Escorts Kubota";"Industrial";"Tractors & Farm Equipment";"Micro Cap"
"EVEREADY";"Eveready Industries India";"Consumer Discretionary";"Batteries";"Micro Cap"
"GEPOWER";"GE Power India";"Industrial";"Electrical Equipment";"Micro Cap"
"GICHSGFIN";"GIC Housing Finance";"Financial Services";"Housing Finance";"Micro Cap"
"GMDCLTD";"Gujarat Mineral Development Corporation";"Materials";"Mining";"Micro Cap"
"HFCL";"HFCL";"Telecommunication";"Telecom Equipment";"Micro Cap"
"INDIANHLS";"Indian Hotels Company";"Consumer Discretionary";"Hotels & Resorts";"Micro Cap"
"IRCON";"Ircon International";"Construction";"Engineering & Construction";"Micro Cap"
"JETAIRWAYS";"Jet Airways";"Transportation";"Airlines";"Micro Cap"
"JINDALSTEL";"Jindal Steel & Power";"Materials";"Steel";"Micro Cap"
"JVLEP";"Jaypee Infratech";"Construction";"Real Estate";"Micro Cap"
"LTTS";"L&T Technology Services";"Technology";"IT Services";"Micro Cap"
"MMTC";"MMTC Ltd";"Materials";"Trading";"Micro Cap"
"NAM-INDIA";"Nippon Life India Asset Management";"Financial Services";"Asset Management";"Micro Cap"
"NBCC";"NBCC (India)";"Construction";"Engineering & Construction";"Micro Cap"
"NLCINDIA";"NLC India";"Energy";"Power Generation";"Micro Cap"
"ONGC";"Oil and Natural Gas Corporation";"Energy";"Oil & Gas Exploration";"Micro Cap"
"PFC";"Power Finance Corporation";"Financial Services";"NBFC";"Micro Cap"
"PNBGILTS";"PNB Gilts";"Financial Services";"Government Securities";"Micro Cap"
"RBLBANK";"RBL Bank";"Financial Services";"Private Bank";"Micro Cap"
"RCOM";"Reliance Communications";"Telecommunication";"Telecom Services";"Micro Cap"
"ROLTA";"Rolta India";"Technology";"Software";"Micro Cap"
"SFL";"Shriram Finance Ltd";"Financial Services";"NBFC";"Micro Cap"
"SITRADE";"S I T R A D E";"Services";"Trading";"Micro Cap"
"SPICEJET";"SpiceJet";"Transportation";"Airlines";"Micro Cap"
"TANLA";"Tanla Platforms";"Technology";"Telecom Software";"Micro Cap"
"TATAMOTORS";"Tata Motors";"Automotive";"Automobiles";"Micro Cap"
"TITAN";"Titan Company";"Consumer Discretionary";"Jewellery & Watches";"Micro Cap"
"UNITECH";"Unitech Ltd";"Real Estate";"Real Estate Development";"Micro Cap"
"VARUNBEV";"Varun Beverages";"Consumer Staples";"Beverages";"Micro Cap"
"VODAFONE";"Vodafone Idea";"Telecommunication";"Telecom Services";"Micro Cap"
"YESBANK";"Yes Bank";"Financial Services";"Private Bank";"Micro Cap"
