"ID";"Name";"Email";"Age";"Balance";"Risk"
1;"Aarush";"aarush1@mail.com";33;334907.43;"Low"
2;"Atharv";"atharv2@mail.com";26;365345.25;"Low"
3;"Shaurya";"shaurya3@mail.com";27;417275.63;"Medium"
4;"Parth";"parth4@mail.com";45;433573.15;"Medium"
5;"Ronit";"ronit5@mail.com";32;410918.16;"Medium"
6;"Tanish";"tanish6@mail.com";34;440436.03;"High"
7;"Advait";"advait7@mail.com";45;280607.99;"High"
8;"Reyansh";"reyansh8@mail.com";42;329943.06;"Medium"
9;"Aryan";"aryan9@mail.com";29;248517.05;"Medium"
10;"Dhruv";"dhruv10@mail.com";32;410120.89;"Low"
11;"Pranav";"pranav11@mail.com";32;232050.24;"High"
12;"Nivaan";"nivaan12@mail.com";40;284325.75;"High"
13;"Anirudh";"anirudh13@mail.com";29;260769.5;"High"
14;"Om";"om14@mail.com";42;406425.5;"Low"
15;"Darsh";"darsh15@mail.com";33;247206.35;"Low"
16;"Yuvraj";"yuvraj16@mail.com";35;312524.59;"Medium"
17;"Raghav";"raghav17@mail.com";40;331795.59;"High"
18;"Laksh";"laksh18@mail.com";36;337181.08;"High"
19;"Dhruv";"dhruv19@mail.com";19;267274.9;"High"
20;"Harsh";"harsh20@mail.com";26;439352.08;"Low"
21;"Aryan";"aryan21@mail.com";31;362008.7;"Medium"
22;"Veer";"veer22@mail.com";44;212241.16;"Low"
23;"Vihaan";"vihaan23@mail.com";25;250096.56;"Low"
24;"Dhruv";"dhruv24@mail.com";18;156034.59;"High"
25;"Vivaan";"vivaan25@mail.com";49;214985.95;"Medium"
26;"Pranav";"pranav26@mail.com";19;477525.75;"High"
27;"Shaurya";"shaurya27@mail.com";21;330952.16;"Medium"
28;"Atharv";"atharv28@mail.com";26;413535.05;"High"
29;"Krishna";"krishna29@mail.com";48;255055.18;"Low"
30;"Darsh";"darsh30@mail.com";21;432783.11;"Low"
31;"Om";"om31@mail.com";42;205998.77;"Medium"
32;"Rudra";"rudra32@mail.com";21;490154.37;"Medium"
33;"Samarth";"samarth33@mail.com";33;322851.49;"Low"
34;"Om";"om34@mail.com";38;349112.87;"Low"
35;"Ishaan";"ishaan35@mail.com";23;162177.82;"Medium"
36;"Sarthak";"sarthak36@mail.com";29;413345.73;"Low"
37;"Sarthak";"sarthak37@mail.com";33;166282.66;"Medium"
38;"Aarush";"aarush38@mail.com";49;188462.12;"Medium"
39;"Nivaan";"nivaan39@mail.com";43;336692.83;"Medium"
40;"Kabir";"kabir40@mail.com";26;152418.85;"Medium"
41;"Manan";"manan41@mail.com";48;202095.5;"Low"
42;"Dhruv";"dhruv42@mail.com";27;499655.34;"High"
43;"Harsh";"harsh43@mail.com";45;215163.58;"Medium"
44;"Dev";"dev44@mail.com";44;227625.59;"High"
45;"Rohan";"rohan45@mail.com";28;198224.46;"High"
46;"Ansh";"ansh46@mail.com";25;364325.81;"Low"
47;"Om";"om47@mail.com";29;462283.13;"Low"
48;"Harsh";"harsh48@mail.com";48;189091.51;"High"
49;"Darsh";"darsh49@mail.com";39;419826.87;"High"
50;"Veer";"veer50@mail.com";44;271862.4;"Medium"
51;"Atharv";"atharv51@mail.com";39;484039.03;"High"
52;"Om";"om52@mail.com";34;422303.95;"Medium"
53;"Kartik";"kartik53@mail.com";33;465233.54;"Medium"
54;"Samarth";"samarth54@mail.com";44;216831.03;"Low"
55;"Reyansh";"reyansh55@mail.com";46;364474.42;"High"
56;"Pranav";"pranav56@mail.com";19;294045.15;"High"
57;"Rudra";"rudra57@mail.com";20;445948.12;"High"
58;"Ayaan";"ayaan58@mail.com";31;153865.91;"High"
59;"Kartik";"kartik59@mail.com";37;203555.32;"Low"
60;"Ishaan";"ishaan60@mail.com";36;429173.56;"High"
61;"Rohan";"rohan61@mail.com";18;332301.32;"High"
62;"Vivaan";"vivaan62@mail.com";41;403544.45;"Medium"
63;"Krishna";"krishna63@mail.com";32;274794.11;"High"
64;"Dev";"dev64@mail.com";24;178225.64;"High"
65;"Ronit";"ronit65@mail.com";32;464776.16;"Low"
66;"Ishaan";"ishaan66@mail.com";36;282786.16;"Medium"
67;"Arjun";"arjun67@mail.com";31;373255.78;"Medium"
68;"Vivaan";"vivaan68@mail.com";46;401884.49;"High"
69;"Ronit";"ronit69@mail.com";38;177615.98;"Low"
70;"Laksh";"laksh70@mail.com";18;419514.18;"High"
71;"Vivansh";"vivansh71@mail.com";32;361117.19;"Medium"
72;"Nivaan";"nivaan72@mail.com";48;458486.1;"Low"
73;"Jay";"jay73@mail.com";49;487988.91;"Medium"
74;"Kabir";"kabir74@mail.com";36;335823.28;"Low"
75;"Atharv";"atharv75@mail.com";44;476858.96;"Medium"
76;"Yuvraj";"yuvraj76@mail.com";30;462741.88;"High"
77;"Vivaan";"vivaan77@mail.com";29;404339.97;"Medium"
78;"Laksh";"laksh78@mail.com";49;478832.45;"Medium"
79;"Reyansh";"reyansh79@mail.com";28;211686.67;"Low"
80;"Kartik";"kartik80@mail.com";21;467808.96;"Low"
81;"Anirudh";"anirudh81@mail.com";31;321238.37;"Low"
82;"Jay";"jay82@mail.com";43;225116.67;"Medium"
83;"Yuvraj";"yuvraj83@mail.com";28;328604.45;"High"
84;"Om";"om84@mail.com";48;384689.53;"Low"
85;"Moksh";"moksh85@mail.com";18;302426.18;"High"
86;"Harsh";"harsh86@mail.com";43;476593.95;"Low"
87;"Aryan";"aryan87@mail.com";48;371180.38;"Low"
88;"Kartik";"kartik88@mail.com";31;390680.0;"Medium"
89;"Chirag";"chirag89@mail.com";26;445265.25;"High"
90;"Atharv";"atharv90@mail.com";25;284007.49;"Low"
91;"Vivaan";"vivaan91@mail.com";20;231984.15;"High"
92;"Rudra";"rudra92@mail.com";46;368720.14;"High"
93;"Samarth";"samarth93@mail.com";41;264502.59;"Medium"
94;"Dhruv";"dhruv94@mail.com";26;393156.23;"High"
95;"Rohan";"rohan95@mail.com";34;163053.73;"Medium"
96;"Ronit";"ronit96@mail.com";34;469199.56;"Low"
97;"Tanmay";"tanmay97@mail.com";42;189989.31;"Medium"
98;"Aarav";"aarav98@mail.com";45;381000.41;"Low"
99;"Rudra";"rudra99@mail.com";45;459126.89;"Medium"
100;"Darsh";"darsh100@mail.com";50;459802.58;"Low"
